<?xml version="1.0" encoding="UTF-8"?>
<beans xmlns="http://www.springframework.org/schema/beans"
	   xmlns:xsi="http://www.w3.org/2001/XMLSchema-instance"
	   xmlns:tx="http://www.springframework.org/schema/tx"
	   xmlns:context="http://www.springframework.org/schema/context"
	   xsi:schemaLocation="http://www.springframework.org/schema/beans
        http://www.springframework.org/schema/beans/spring-beans.xsd
        http://www.springframework.org/schema/tx
        http://www.springframework.org/schema/tx/spring-tx-4.3.xsd
        http://www.springframework.org/schema/context
        http://www.springframework.org/schema/context/spring-context-4.3.xsd" default-autowire="byName">

	<context:property-placeholder location="classpath:application.properties" />

	<bean id="abstractXADataSource" class="com.atomikos.jdbc.AtomikosDataSourceBean" init-method="init"
		  destroy-method="close" abstract="true">
		<property name="xaDataSourceClassName" value="com.mysql.jdbc.jdbc2.optional.MysqlXADataSource"/>
		<property name="poolSize" value="10" />
		<property name="minPoolSize" value="10"/>
		<property name="maxPoolSize" value="30"/>
		<property name="borrowConnectionTimeout" value="60"/>  <!--获取连接失败重新获等待最大时间，在这个时间内如果有可用连接，将返回-->
		<property name="reapTimeout" value="20"/> <!--最大获取数据时间，如果不设置这个值，Atomikos使用默认的5分钟，那么在处理大批量数据读取的时候，一旦超过5分钟，就会抛出类似 Resultset is close 的错误.-->
		<property name="maxIdleTime" value="60"/>    <!--最大闲置时间，超过最小连接池连接的连接将将关闭-->
		<property name="maintenanceInterval" value="60" />  <!--连接回收时间-->
		<property name="loginTimeout" value="60" />     <!--java数据库连接池，最大可等待获取datasouce的时间-->
		<property name="logWriter" value="60"/>
		<property name="testQuery">
			<value>select 1</value>
		</property>
	</bean>

	<bean id="orderDataSource" parent="abstractXADataSource">
		<property name="uniqueResourceName" value="orderDataSource"/>
		<property name="xaDataSourceClassName" value="com.mysql.jdbc.jdbc2.optional.MysqlXADataSource"/>
		<property name="xaProperties">
			<props>
				<prop key="user">root</prop>
				<prop key="password">root</prop>
				<prop key="URL">jdbc:mysql://192.168.11.129:3306/order</prop>
			</props>
		</property>
		<property name="poolSize" value="20"/>
	</bean>

	<!--atomiko transaction manager-->
	<bean id="atomiokosTransactionManager" class="com.atomikos.icatch.jta.UserTransactionManager" init-method="init"
	destroy-method="close">
		<property name="forceShutdown" value="true"/>
	</bean>
	<bean id="atomikosUserTransaction" class="com.atomikos.icatch.jta.UserTransactionImp">
		<property name="transactionTimeout" value="300"/>
	</bean>

	<bean id="springTransactionManager" class="org.springframework.transaction.jta.JtaTransactionManager">
		<property name="transactionManager" ref="atomiokosTransactionManager"/>
		<property name="userTransaction" ref="atomikosUserTransaction"/>
	</bean>


	<bean id="transactionTemplate" class="org.springframework.transaction.support.TransactionTemplate">
		<property name="transactionManager" ref="springTransactionManager"/>
	</bean>

	<bean id="orderJdbcTemplate" class="org.springframework.jdbc.core.JdbcTemplate">
		<constructor-arg ref="orderDataSource"/>
	</bean>

	<context:component-scan base-package="com.gupao.vip.mic.dubbo"/>

	<context:annotation-config/>
	<tx:annotation-driven transaction-manager="springTransactionManager"/>
</beans>