<?xml version="1.0" encoding="UTF-8"?>
<beans xmlns:xsi="http://www.w3.org/2001/XMLSchema-instance" xmlns="http://www.springframework.org/schema/beans" xmlns:context="http://www.springframework.org/schema/context" xmlns:tx="http://www.springframework.org/schema/tx" xsi:schemaLocation="http://www.springframework.org/schema/beans
   http://www.springframework.org/schema/beans/spring-beans-4.0.xsd
   http://www.springframework.org/schema/context
   http://www.springframework.org/schema/context/spring-context-4.0.xsd http://www.springframework.org/schema/tx http://www.springframework.org/schema/tx/spring-tx.xsd">
    <!--Druid数据源-->
    <context:property-placeholder location="classpath:application.properties" />
    <context:component-scan base-package="com.gupao.edu.services" />
    <context:component-scan base-package="com.gupao.edu.dao" />
    <!--<bean id="dataSource" class="com.alibaba.druid.pool.DruidDataSource" init-method="init" destroy-method="close">
        &lt;!&ndash; 基本属性 url、user、password &ndash;&gt;
        <property name="url" value="${jdbc_url}" />
        <property name="username" value="${jdbc_user}" />
        <property name="password" value="${jdbc_password}" />
        &lt;!&ndash; 配置初始化大小、最小、最大 &ndash;&gt;
        <property name="initialSize" value="1" />
        <property name="minIdle" value="1" />
        <property name="maxActive" value="20" />
        &lt;!&ndash; 配置获取连接等待超时的时间 &ndash;&gt;
        <property name="maxWait" value="60000" />
        &lt;!&ndash; 配置间隔多久才进行一次检测，检测需要关闭的空闲连接，单位是毫秒 &ndash;&gt;
        <property name="timeBetweenEvictionRunsMillis" value="60000" />
        &lt;!&ndash; 配置一个连接在池中最小生存的时间，单位是毫秒 &ndash;&gt;
        <property name="minEvictableIdleTimeMillis" value="300000" />
        <property name="validationQuery" value="SELECT 'x'" />
        <property name="testWhileIdle" value="true" />
        <property name="testOnBorrow" value="false" />
        <property name="testOnReturn" value="false" />
        &lt;!&ndash; 打开PSCache，并且指定每个连接上PSCache的大小 &ndash;&gt;
        <property name="poolPreparedStatements" value="false" />
        <property name="maxPoolPreparedStatementPerConnectionSize" value="20" />
        &lt;!&ndash; 配置监控统计拦截的filters、WallFilter &ndash;&gt;
        <property name="filters" value="stat,wall" />
    </bean>
    <bean id="sqlSessionFactory" class="org.mybatis.spring.SqlSessionFactoryBean">
        <property name="dataSource" ref="dataSource" />
        <property name="mapperLocations" value="classpath:com/gupao/edu/dao/user/mapper/xml/UserInfoMapper.xml" />
    </bean>
    <bean id="mapperScannerConfigurer" class="org.mybatis.spring.mapper.MapperScannerConfigurer">
        <property name="basePackage" value="com.gupao.edu.dao.*.mapper" />
    </bean>

    <tx:annotation-driven transaction-manager="transactionManager" />

    <bean id="transactionManager" class="org.springframework.jdbc.datasource.DataSourceTransactionManager">
        <property name="dataSource" ref="dataSource" />
    </bean>-->
</beans>
