<?xml version="1.0" encoding="UTF-8"?>
<beans xmlns="http://www.springframework.org/schema/beans"
       xmlns:xsi="http://www.w3.org/2001/XMLSchema-instance"
       xmlns:context="http://www.springframework.org/schema/context"
       xmlns:mvc="http://www.springframework.org/schema/mvc"
       xmlns:aop="http://www.springframework.org/schema/aop"
       xsi:schemaLocation="http://www.springframework.org/schema/beans http://www.springframework.org/schema/beans/spring-beans.xsd
       http://www.springframework.org/schema/context http://www.springframework.org/schema/context/spring-context.xsd
       http://www.springframework.org/schema/mvc http://www.springframework.org/schema/mvc/spring-mvc.xsd
       http://www.springframework.org/schema/aop http://www.springframework.org/schema/aop/spring-aop.xsd">
    <!-- 扫描 controller -->
    <context:component-scan base-package="com.gupao.edu.controller" use-default-filters="false">
        <context:include-filter type="annotation" expression="org.springframework.stereotype.Controller"/>
        <context:include-filter type="annotation" expression="org.springframework.web.bind.annotation.ControllerAdvice"/>
    </context:component-scan>

    <mvc:default-servlet-handler />
    <!-- 启用spring mvc 注解 -->
    <context:annotation-config />

    <mvc:annotation-driven ignore-default-model-on-redirect="true">
        <!-- 编码转换 -->
        <mvc:message-converters>
            <bean class="org.springframework.http.converter.StringHttpMessageConverter">
                <property name="supportedMediaTypes">
                    <list>
                        <value>text/plain;charset=UTF-8</value>
                        <value>text/html;charset=UTF-8</value>
                        <value>application/json;charset=UTF-8</value>
                    </list>
                </property>
            </bean>
        </mvc:message-converters>
    </mvc:annotation-driven>
    <!-- 带状态的视图控制器标签 -->
    <mvc:view-controller path="/common/error/**" status-code="200" />

    <!-- 配置静态资源，直接映射到对应的文件夹，DispatcherServlet 不处理 -->
    <mvc:resources mapping="/resources/**" location="/resources/" />

    <!-- 定义视图解析器 -->
    <bean id="velocityConfig"
          class="org.springframework.web.servlet.view.velocity.VelocityConfigurer">
        <property name="resourceLoaderPath" value="/WEB-INF/views/" />
        <property name="configLocation" value="classpath:velocity.properties" />
    </bean>
    <bean id="viewResolver" class="org.springframework.web.servlet.view.velocity.VelocityLayoutViewResolver">
        <property name="suffix" value=".html" />
        <property name="cache" value="false" />
        <property name="contentType" value="text/html;charset=utf-8" />
        <property name="dateToolAttribute" value="date" /><!--日期函数名称-->
        <property name="numberToolAttribute" value="number" /><!--数字函数名称-->
        <property name="layoutUrl" value="common/layout/default.vm"/>
        <property name="toolboxConfigLocation" value="/WEB-INF/toolbox.xml" />
    </bean>

    <bean id="exceptionResolver" class="com.gupao.edu.commons.exception.PermissionUnauthenticateException"/>
</beans>
