<?xml version="1.0" encoding="UTF-8" ?>
<!DOCTYPE mapper PUBLIC "-//mybatis.org//DTD Mapper 3.0//EN" "http://mybatis.org/dtd/mybatis-3-mapper.dtd" >
<mapper namespace="com.gupao.edu.dao.user.mapper.UserInfoMapper" >
  <resultMap id="BaseResultMap" type="com.gupao.edu.dao.user.model.UserInfo" >
    <id column="id" property="id" jdbcType="INTEGER" />
    <result column="account" property="account" jdbcType="VARCHAR" />
    <result column="password" property="password" jdbcType="VARCHAR" />
    <result column="mobile" property="mobile" jdbcType="VARCHAR" />
    <result column="openid" property="openid" jdbcType="VARCHAR" />
    <result column="nickname" property="nickname" jdbcType="VARCHAR" />
    <result column="head_img" property="headImg" jdbcType="VARCHAR" />
    <result column="credits" property="credits" jdbcType="INTEGER" />
    <result column="create_time" property="createTime" jdbcType="TIMESTAMP" />
    <result column="name" property="name" jdbcType="VARCHAR" />
    <result column="sex" property="sex" jdbcType="VARCHAR" />
    <result column="birthday" property="birthday" jdbcType="VARCHAR" />
    <result column="place_brith" property="placeBrith" jdbcType="VARCHAR" />
    <result column="email" property="email" jdbcType="VARCHAR" />
    <result column="wechat_no" property="wechatNo" jdbcType="VARCHAR" />
    <result column="class_id" property="classId" jdbcType="INTEGER" />
  </resultMap>
  <sql id="Example_Where_Clause" >
    <where >
      <foreach collection="oredCriteria" item="criteria" separator="or" >
        <if test="criteria.valid" >
          <trim prefix="(" suffix=")" prefixOverrides="and" >
            <foreach collection="criteria.criteria" item="criterion" >
              <choose >
                <when test="criterion.noValue" >
                  and ${criterion.condition}
                </when>
                <when test="criterion.singleValue" >
                  and ${criterion.condition} #{criterion.value}
                </when>
                <when test="criterion.betweenValue" >
                  and ${criterion.condition} #{criterion.value} and #{criterion.secondValue}
                </when>
                <when test="criterion.listValue" >
                  and ${criterion.condition}
                  <foreach collection="criterion.value" item="listItem" open="(" close=")" separator="," >
                    #{listItem}
                  </foreach>
                </when>
              </choose>
            </foreach>
          </trim>
        </if>
      </foreach>
    </where>
  </sql>
  <sql id="Update_By_Example_Where_Clause" >
    <where >
      <foreach collection="example.oredCriteria" item="criteria" separator="or" >
        <if test="criteria.valid" >
          <trim prefix="(" suffix=")" prefixOverrides="and" >
            <foreach collection="criteria.criteria" item="criterion" >
              <choose >
                <when test="criterion.noValue" >
                  and ${criterion.condition}
                </when>
                <when test="criterion.singleValue" >
                  and ${criterion.condition} #{criterion.value}
                </when>
                <when test="criterion.betweenValue" >
                  and ${criterion.condition} #{criterion.value} and #{criterion.secondValue}
                </when>
                <when test="criterion.listValue" >
                  and ${criterion.condition}
                  <foreach collection="criterion.value" item="listItem" open="(" close=")" separator="," >
                    #{listItem}
                  </foreach>
                </when>
              </choose>
            </foreach>
          </trim>
        </if>
      </foreach>
    </where>
  </sql>
  <sql id="Base_Column_List" >
    id, account, password, mobile, openid, nickname, head_img, credits, create_time,
    name, sex, birthday, place_brith, email, wechat_no, class_id
  </sql>
  <select id="selectByExample" resultMap="BaseResultMap" parameterType="com.gupao.edu.dao.user.model.UserInfoExample" >
    select
    <if test="distinct" >
      distinct
    </if>
    <include refid="Base_Column_List" />
    from user_info
    <if test="_parameter != null" >
      <include refid="Example_Where_Clause" />
    </if>
    <if test="orderByClause != null" >
      order by ${orderByClause}
    </if>
  </select>
  <select id="selectByPrimaryKey" resultMap="BaseResultMap" parameterType="java.lang.Integer" >
    select
    <include refid="Base_Column_List" />
    from user_info
    where id = #{id,jdbcType=INTEGER}
  </select>
  <delete id="deleteByPrimaryKey" parameterType="java.lang.Integer" >
    delete from user_info
    where id = #{id,jdbcType=INTEGER}
  </delete>
  <delete id="deleteByExample" parameterType="com.gupao.edu.dao.user.model.UserInfoExample" >
    delete from user_info
    <if test="_parameter != null" >
      <include refid="Example_Where_Clause" />
    </if>
  </delete>
  <insert id="insert" parameterType="com.gupao.edu.dao.user.model.UserInfo" >
    insert into user_info (id, account, password,
    mobile, openid, nickname,
    head_img, credits, create_time,
    name, sex, birthday,
    place_brith, email, wechat_no,
    class_id)
    values (#{id,jdbcType=INTEGER}, #{account,jdbcType=VARCHAR}, #{password,jdbcType=VARCHAR},
    #{mobile,jdbcType=VARCHAR}, #{openid,jdbcType=VARCHAR}, #{nickname,jdbcType=VARCHAR},
    #{headImg,jdbcType=VARCHAR}, #{credits,jdbcType=INTEGER}, #{createTime,jdbcType=TIMESTAMP},
    #{name,jdbcType=VARCHAR}, #{sex,jdbcType=VARCHAR}, #{birthday,jdbcType=VARCHAR},
    #{placeBrith,jdbcType=VARCHAR}, #{email,jdbcType=VARCHAR}, #{wechatNo,jdbcType=VARCHAR},
    #{classId,jdbcType=INTEGER})
  </insert>
  <insert id="insertSelective" parameterType="com.gupao.edu.dao.user.model.UserInfo" useGeneratedKeys="true" keyProperty="id" keyColumn="id">
    insert into user_info
    <trim prefix="(" suffix=")" suffixOverrides="," >
      <if test="id != null" >
        id,
      </if>
      <if test="account != null" >
        account,
      </if>
      <if test="password != null" >
        password,
      </if>
      <if test="mobile != null" >
        mobile,
      </if>
      <if test="openid != null" >
        openid,
      </if>
      <if test="nickname != null" >
        nickname,
      </if>
      <if test="headImg != null" >
        head_img,
      </if>
      <if test="credits != null" >
        credits,
      </if>
      <if test="createTime != null" >
        create_time,
      </if>
      <if test="name != null" >
        name,
      </if>
      <if test="sex != null" >
        sex,
      </if>
      <if test="birthday != null" >
        birthday,
      </if>
      <if test="placeBrith != null" >
        place_brith,
      </if>
      <if test="email != null" >
        email,
      </if>
      <if test="wechatNo != null" >
        wechat_no,
      </if>
      <if test="classId != null" >
        class_id,
      </if>
    </trim>
    <trim prefix="values (" suffix=")" suffixOverrides="," >
      <if test="id != null" >
        #{id,jdbcType=INTEGER},
      </if>
      <if test="account != null" >
        #{account,jdbcType=VARCHAR},
      </if>
      <if test="password != null" >
        #{password,jdbcType=VARCHAR},
      </if>
      <if test="mobile != null" >
        #{mobile,jdbcType=VARCHAR},
      </if>
      <if test="openid != null" >
        #{openid,jdbcType=VARCHAR},
      </if>
      <if test="nickname != null" >
        #{nickname,jdbcType=VARCHAR},
      </if>
      <if test="headImg != null" >
        #{headImg,jdbcType=VARCHAR},
      </if>
      <if test="credits != null" >
        #{credits,jdbcType=INTEGER},
      </if>
      <if test="createTime != null" >
        #{createTime,jdbcType=TIMESTAMP},
      </if>
      <if test="name != null" >
        #{name,jdbcType=VARCHAR},
      </if>
      <if test="sex != null" >
        #{sex,jdbcType=VARCHAR},
      </if>
      <if test="birthday != null" >
        #{birthday,jdbcType=VARCHAR},
      </if>
      <if test="placeBrith != null" >
        #{placeBrith,jdbcType=VARCHAR},
      </if>
      <if test="email != null" >
        #{email,jdbcType=VARCHAR},
      </if>
      <if test="wechatNo != null" >
        #{wechatNo,jdbcType=VARCHAR},
      </if>
      <if test="classId != null" >
        #{classId,jdbcType=INTEGER},
      </if>
    </trim>
  </insert>
  <select id="countByExample" parameterType="com.gupao.edu.dao.user.model.UserInfoExample" resultType="java.lang.Integer" >
    select count(*) from user_info
    <if test="_parameter != null" >
      <include refid="Example_Where_Clause" />
    </if>
  </select>
  <update id="updateByExampleSelective" parameterType="map" >
    update user_info
    <set >
      <if test="record.id != null" >
        id = #{record.id,jdbcType=INTEGER},
      </if>
      <if test="record.account != null" >
        account = #{record.account,jdbcType=VARCHAR},
      </if>
      <if test="record.password != null" >
        password = #{record.password,jdbcType=VARCHAR},
      </if>
      <if test="record.mobile != null" >
        mobile = #{record.mobile,jdbcType=VARCHAR},
      </if>
      <if test="record.openid != null" >
        openid = #{record.openid,jdbcType=VARCHAR},
      </if>
      <if test="record.nickname != null" >
        nickname = #{record.nickname,jdbcType=VARCHAR},
      </if>
      <if test="record.headImg != null" >
        head_img = #{record.headImg,jdbcType=VARCHAR},
      </if>
      <if test="record.credits != null" >
        credits = #{record.credits,jdbcType=INTEGER},
      </if>
      <if test="record.createTime != null" >
        create_time = #{record.createTime,jdbcType=TIMESTAMP},
      </if>
      <if test="record.name != null" >
        name = #{record.name,jdbcType=VARCHAR},
      </if>
      <if test="record.sex != null" >
        sex = #{record.sex,jdbcType=VARCHAR},
      </if>
      <if test="record.birthday != null" >
        birthday = #{record.birthday,jdbcType=VARCHAR},
      </if>
      <if test="record.placeBrith != null" >
        place_brith = #{record.placeBrith,jdbcType=VARCHAR},
      </if>
      <if test="record.email != null" >
        email = #{record.email,jdbcType=VARCHAR},
      </if>
      <if test="record.wechatNo != null" >
        wechat_no = #{record.wechatNo,jdbcType=VARCHAR},
      </if>
      <if test="record.classId != null" >
        class_id = #{record.classId,jdbcType=INTEGER},
      </if>
    </set>
    <if test="_parameter != null" >
      <include refid="Update_By_Example_Where_Clause" />
    </if>
  </update>
  <update id="updateByExample" parameterType="map" >
    update user_info
    set id = #{record.id,jdbcType=INTEGER},
    account = #{record.account,jdbcType=VARCHAR},
    password = #{record.password,jdbcType=VARCHAR},
    mobile = #{record.mobile,jdbcType=VARCHAR},
    openid = #{record.openid,jdbcType=VARCHAR},
    nickname = #{record.nickname,jdbcType=VARCHAR},
    head_img = #{record.headImg,jdbcType=VARCHAR},
    credits = #{record.credits,jdbcType=INTEGER},
    create_time = #{record.createTime,jdbcType=TIMESTAMP},
    name = #{record.name,jdbcType=VARCHAR},
    sex = #{record.sex,jdbcType=VARCHAR},
    birthday = #{record.birthday,jdbcType=VARCHAR},
    place_brith = #{record.placeBrith,jdbcType=VARCHAR},
    email = #{record.email,jdbcType=VARCHAR},
    wechat_no = #{record.wechatNo,jdbcType=VARCHAR},
    class_id = #{record.classId,jdbcType=INTEGER}
    <if test="_parameter != null" >
      <include refid="Update_By_Example_Where_Clause" />
    </if>
  </update>
  <update id="updateByPrimaryKeySelective" parameterType="com.gupao.edu.dao.user.model.UserInfo" >
    update user_info
    <set >
      <if test="account != null" >
        account = #{account,jdbcType=VARCHAR},
      </if>
      <if test="password != null" >
        password = #{password,jdbcType=VARCHAR},
      </if>
      <if test="mobile != null" >
        mobile = #{mobile,jdbcType=VARCHAR},
      </if>
      <if test="openid != null" >
        openid = #{openid,jdbcType=VARCHAR},
      </if>
      <if test="nickname != null" >
        nickname = #{nickname,jdbcType=VARCHAR},
      </if>
      <if test="headImg != null" >
        head_img = #{headImg,jdbcType=VARCHAR},
      </if>
      <if test="credits != null" >
        credits = #{credits,jdbcType=INTEGER},
      </if>
      <if test="createTime != null" >
        create_time = #{createTime,jdbcType=TIMESTAMP},
      </if>
      <if test="name != null" >
        name = #{name,jdbcType=VARCHAR},
      </if>
      <if test="sex != null" >
        sex = #{sex,jdbcType=VARCHAR},
      </if>
      <if test="birthday != null" >
        birthday = #{birthday,jdbcType=VARCHAR},
      </if>
      <if test="placeBrith != null" >
        place_brith = #{placeBrith,jdbcType=VARCHAR},
      </if>
      <if test="email != null" >
        email = #{email,jdbcType=VARCHAR},
      </if>
      <if test="wechatNo != null" >
        wechat_no = #{wechatNo,jdbcType=VARCHAR},
      </if>
      <if test="classId != null" >
        class_id = #{classId,jdbcType=INTEGER},
      </if>
    </set>
    where id = #{id,jdbcType=INTEGER}
  </update>
  <update id="updateByPrimaryKey" parameterType="com.gupao.edu.dao.user.model.UserInfo" >
    update user_info
    set account = #{account,jdbcType=VARCHAR},
    password = #{password,jdbcType=VARCHAR},
    mobile = #{mobile,jdbcType=VARCHAR},
    openid = #{openid,jdbcType=VARCHAR},
    nickname = #{nickname,jdbcType=VARCHAR},
    head_img = #{headImg,jdbcType=VARCHAR},
    credits = #{credits,jdbcType=INTEGER},
    create_time = #{createTime,jdbcType=TIMESTAMP},
    name = #{name,jdbcType=VARCHAR},
    sex = #{sex,jdbcType=VARCHAR},
    birthday = #{birthday,jdbcType=VARCHAR},
    place_brith = #{placeBrith,jdbcType=VARCHAR},
    email = #{email,jdbcType=VARCHAR},
    wechat_no = #{wechatNo,jdbcType=VARCHAR},
    class_id = #{classId,jdbcType=INTEGER}
    where id = #{id,jdbcType=INTEGER}
  </update>
  <sql id="pageQueryCondition">
    <if test="name!=null and name!=''">
      and name=#{name}
    </if>
  </sql>
</mapper>