<?xml version="1.0" encoding="UTF-8"?>
    <!DOCTYPE generatorConfiguration
        PUBLIC "-//mybatis.org//DTD MyBatis Generator Configuration 1.0//EN"
        "http://mybatis.org/dtd/mybatis-generator-config_1_0.dtd">
    <generatorConfiguration>
        <!--导入属性配置 -->
        <properties resource="generator.properties" />
        <!--指定特定数据库的jdbc驱动jar包的位置 -->
        <classPathEntry location="${jdbc_driverLocation}" />
        <context id="default" targetRuntime="MyBatis3">
            <!-- optional，旨在创建class时，对注释进行控制 -->
            <commentGenerator>
                <property name="suppressDate" value="true" />
            </commentGenerator>
            <!--jdbc的数据库连接 -->
            <jdbcConnection driverClass="${jdbc_driverClass}" connectionURL="${jdbc_url}" userId="${jdbc_user}" password="${jdbc_password}">
            </jdbcConnection>
            <!-- 非必需，类型处理器，在数据库类型和java类型之间的转换控制-->
            <javaTypeResolver>
                <property name="forceBigDecimals" value="false" />
            </javaTypeResolver>
            <!-- Model模型生成器,用来生成含有主键key的类，记录类 以及查询Example类
            targetPackage     指定生成的model生成所在的包名
            targetProject     指定在该项目下所在的路径
        -->
            <javaModelGenerator targetPackage="${modelPackage}" targetProject="${targetProject}">
                <!-- 是否对model添加 构造函数 -->
                <property name="constructorBased" value="true" />
                <!-- 是否允许子包，即targetPackage.schemaName.tableName -->
                <property name="enableSubPackages" value="false" />
                <!-- 建立的Model对象是否 不可改变  即生成的Model对象不会有 setter方法，只有构造方法 -->
                <property name="immutable" value="true" />
                <!-- 是否对类CHAR类型的列的数据进行trim操作 -->
                <property name="trimStrings" value="true" />
            </javaModelGenerator>
            <!--Mapper映射文件生成所在的目录 为每一个数据库的表生成对应的SqlMap文件 -->
            <sqlMapGenerator targetPackage="${XMLMapperPackage}" targetProject="${targetProject}">
                <property name="enableSubPackages" value="false" />
            </sqlMapGenerator>
            <javaClientGenerator type="XMLMAPPER" targetPackage="${daoPackage}" targetProject="${targetProject}">
            </javaClientGenerator>
            <!-- table 举例 -->
            <!--   <table tableName="user" enableCountByExample="false"
               enableUpdateByExample="false" enableDeleteByExample="false"
               enableSelectByExample="false" selectByExampleQueryId="false">
        </table> -->
        </context>
    </generatorConfiguration>
