<?xml version="1.0" encoding="UTF-8"?>
<!DOCTYPE mapper PUBLIC "-//mybatis.org//DTD Mapper 3.0//EN" "http://mybatis.org/dtd/mybatis-3-mapper.dtd">

<mapper namespace="com.gupao.vip.mic.dubbo.dal.persistence.UserMapper">

    <sql id="Base_Column_List" >
        id, username,password,realname,avatar,mobile,sex,status,create_time
    </sql>

    <select id="getUserByUserName"
            resultType="com.gupao.vip.mic.dubbo.dal.entity.User"
            parameterType="java.lang.String">
        select <include refid="Base_Column_List"/> from user where username=#{username}
    </select>

    <select id="getUserByUid"
            resultType="com.gupao.vip.mic.dubbo.dal.entity.User"
            parameterType="java.lang.Integer">
        select <include refid="Base_Column_List"/> from user where id=#{uid}
    </select>
</mapper>
